id,status,duration,start_date,start_station,end_date
119,Closed,394,28-07-2011 13:16,10,28-07-2011 13:23
174,Closed,386,28-07-2011 15:55,24,28-07-2011 16:01
218,Closed,589,28-07-2011 16:56,22,28-07-2011 17:05
238,Closed,1425,28-07-2011 17:16,9,28-07-2011 17:40
276,Closed,465,28-07-2011 17:52,44,28-07-2011 18:00
303,Closed,6481,28-07-2011 18:24,26,28-07-2011 20:12
327,Closed,1254,28-07-2011 18:50,46,28-07-2011 19:11
371,Closed,3715,28-07-2011 19:49,47,28-07-2011 20:51
388,Closed,2226,28-07-2011 20:08,36,28-07-2011 20:45
415,Closed,833,28-07-2011 21:25,47,28-07-2011 21:39
440,Closed,1381,28-07-2011 22:21,35,28-07-2011 22:44
448,Closed,723,28-07-2011 22:52,31,28-07-2011 23:04
467,Closed,1073,28-07-2011 23:42,23,29-07-2011 00:00
494,Closed,274,29-07-2011 02:23,39,29-07-2011 02:27
521,Closed,639,29-07-2011 07:41,39,29-07-2011 07:51
604,Closed,1478,29-07-2011 11:05,22,29-07-2011 11:30
605,Closed,923,29-07-2011 11:07,36,29-07-2011 11:22
654,Closed,293,29-07-2011 12:30,32,29-07-2011 12:35
720,Closed,1285,29-07-2011 13:41,40,29-07-2011 14:03
748,Closed,13581,29-07-2011 14:36,36,29-07-2011 18:22
775,Closed,1635,29-07-2011 15:03,21,29-07-2011 15:30
788,Closed,877,29-07-2011 15:10,27,29-07-2011 15:25
790,Closed,1368,29-07-2011 15:13,14,29-07-2011 15:36
795,Closed,1565,29-07-2011 15:24,41,29-07-2011 15:50
836,Closed,708,29-07-2011 16:23,38,29-07-2011 16:34
849,Closed,376,29-07-2011 16:30,10,29-07-2011 16:37
851,Closed,957,29-07-2011 16:33,16,29-07-2011 16:49
858,Closed,930,29-07-2011 16:39,6,29-07-2011 16:54
959,Closed,1030,29-07-2011 19:01,30,29-07-2011 19:18
1018,Closed,1090,29-07-2011 20:16,36,29-07-2011 20:34
1082,Closed,5640,30-07-2011 03:03,43,30-07-2011 04:37
1120,Closed,105280,30-07-2011 08:21,8,31-07-2011 13:36
1121,Closed,860,30-07-2011 08:21,8,30-07-2011 08:35
1198,Closed,1580,30-07-2011 11:19,17,30-07-2011 11:45
1310,Closed,2390,30-07-2011 13:16,38,30-07-2011 13:56
1316,Closed,3917,30-07-2011 13:18,6,30-07-2011 14:23
1346,Closed,1150,30-07-2011 13:44,47,30-07-2011 14:03
1371,Closed,1400,30-07-2011 14:05,47,30-07-2011 14:28
1373,Closed,1027,30-07-2011 14:09,42,30-07-2011 14:27
1378,Closed,1543,30-07-2011 14:10,14,30-07-2011 14:36
1398,Closed,9891,30-07-2011 14:30,24,30-07-2011 17:15
1407,Closed,3727,30-07-2011 14:34,38,30-07-2011 15:36
1439,Closed,7212,30-07-2011 15:08,20,30-07-2011 17:08
1460,Closed,1896,30-07-2011 15:17,38,30-07-2011 15:49
1466,Closed,857,30-07-2011 15:30,32,30-07-2011 15:44
1467,Closed,1100,30-07-2011 15:32,23,30-07-2011 15:50
1485,Closed,321,30-07-2011 15:48,25,30-07-2011 15:53
1488,Closed,614,30-07-2011 15:52,42,30-07-2011 16:02
1493,Closed,4359,30-07-2011 15:54,36,30-07-2011 17:07
1510,Closed,1385,30-07-2011 16:02,23,30-07-2011 16:26
1516,Closed,5688,30-07-2011 16:05,9,30-07-2011 17:40
1521,Closed,1278,30-07-2011 16:08,12,30-07-2011 16:29
1556,Closed,627,30-07-2011 16:30,21,30-07-2011 16:41
1558,Closed,1296,30-07-2011 16:34,36,30-07-2011 16:55
1598,Closed,15477,30-07-2011 16:58,48,30-07-2011 21:16
1636,Closed,1382,30-07-2011 17:27,42,30-07-2011 17:50
1665,Closed,1420,30-07-2011 17:48,20,30-07-2011 18:12
1704,Closed,1721,30-07-2011 18:20,21,30-07-2011 18:48
1723,Closed,5829,30-07-2011 18:35,47,30-07-2011 20:12
1736,Closed,1509,30-07-2011 18:47,43,30-07-2011 19:12
1771,Closed,3465,30-07-2011 19:20,30,30-07-2011 20:17
1789,Closed,1062,30-07-2011 19:43,36,30-07-2011 20:00
1800,Closed,624,30-07-2011 19:58,39,30-07-2011 20:08
1827,Closed,2489,30-07-2011 20:18,42,30-07-2011 21:00
1869,Closed,2398,30-07-2011 21:14,6,30-07-2011 21:54
1880,Closed,575,30-07-2011 21:25,34,30-07-2011 21:35
1884,Closed,6004,30-07-2011 21:30,41,30-07-2011 23:10
1897,Closed,799,30-07-2011 21:58,36,30-07-2011 22:12
1916,Closed,878,30-07-2011 22:26,36,30-07-2011 22:41
1971,Closed,1128,31-07-2011 00:47,40,31-07-2011 01:06
2033,Closed,722,31-07-2011 09:06,47,31-07-2011 09:18
2037,Closed,9924,31-07-2011 09:15,36,31-07-2011 12:01
2038,Closed,504,31-07-2011 09:19,49,31-07-2011 09:27
2093,Closed,3295,31-07-2011 10:44,36,31-07-2011 11:39
2110,Closed,2563,31-07-2011 10:52,38,31-07-2011 11:35
2138,Closed,13263,31-07-2011 11:34,36,31-07-2011 15:15
2139,Closed,930,31-07-2011 11:34,52,31-07-2011 11:50
2188,Closed,2713,31-07-2011 12:06,38,31-07-2011 12:51
2245,Closed,4464,31-07-2011 12:47,43,31-07-2011 14:02
2260,Closed,2608,31-07-2011 12:54,45,31-07-2011 13:37
2277,Closed,2683,31-07-2011 13:03,21,31-07-2011 13:48
2309,Closed,1412,31-07-2011 13:26,39,31-07-2011 13:50
2325,Closed,974,31-07-2011 13:36,6,31-07-2011 13:52
2347,Closed,1148,31-07-2011 13:46,38,31-07-2011 14:05
2350,Closed,1311,31-07-2011 13:47,47,31-07-2011 14:09
2366,Closed,1348,31-07-2011 14:01,35,31-07-2011 14:23
2421,Closed,4870,31-07-2011 14:34,16,31-07-2011 15:55
2456,Closed,803,31-07-2011 14:49,41,31-07-2011 15:02
2463,Closed,4815,31-07-2011 14:52,8,31-07-2011 16:12
2521,Closed,1722,31-07-2011 15:33,6,31-07-2011 16:01
2558,Closed,8069,31-07-2011 15:53,36,31-07-2011 18:07
2601,Closed,934,31-07-2011 16:23,36,31-07-2011 16:39
2608,Closed,4596,31-07-2011 16:27,42,31-07-2011 17:44
2655,Closed,1827,31-07-2011 16:59,20,31-07-2011 17:30
2720,Closed,679,31-07-2011 17:46,53,31-07-2011 17:58
2732,Closed,545,31-07-2011 17:54,53,31-07-2011 18:03
2754,Closed,2752,31-07-2011 18:05,20,31-07-2011 18:51
2818,Closed,366,31-07-2011 18:54,14,31-07-2011 19:00
2869,Closed,386,31-07-2011 19:40,23,31-07-2011 19:47
2883,Closed,607,31-07-2011 19:57,14,31-07-2011 20:07
2911,Closed,569,31-07-2011 20:24,49,31-07-2011 20:33
2951,Closed,4332,31-07-2011 20:56,39,31-07-2011 22:08
2970,Closed,809,31-07-2011 21:18,44,31-07-2011 21:32
3001,Closed,1002,31-07-2011 22:07,36,31-07-2011 22:23
3030,Closed,1059,31-07-2011 22:56,42,31-07-2011 23:14
3086,Closed,377,01-08-2011 06:37,47,01-08-2011 06:43
3159,Closed,404,01-08-2011 09:03,45,01-08-2011 09:09
3167,Closed,262,01-08-2011 09:19,25,01-08-2011 09:23
3183,Closed,1611,01-08-2011 10:12,32,01-08-2011 10:39
3217,Closed,1389,01-08-2011 11:10,42,01-08-2011 11:33
3233,Closed,1316,01-08-2011 11:34,49,01-08-2011 11:55
3326,Closed,7012,01-08-2011 13:50,47,01-08-2011 15:47
3356,Closed,568,01-08-2011 14:20,10,01-08-2011 14:30
3364,Closed,1047,01-08-2011 14:40,38,01-08-2011 14:58
3371,Closed,936,01-08-2011 14:51,35,01-08-2011 15:06
3414,Closed,574,01-08-2011 15:42,49,01-08-2011 15:51
3426,Closed,1813,01-08-2011 16:02,46,01-08-2011 16:32
3557,Closed,12712,01-08-2011 17:39,31,01-08-2011 21:11
3562,Closed,1389,01-08-2011 17:42,14,01-08-2011 18:05
3608,Closed,967,01-08-2011 18:23,20,01-08-2011 18:40
3647,Closed,1015,01-08-2011 18:46,18,01-08-2011 19:03
3664,Closed,699,01-08-2011 18:55,23,01-08-2011 19:06
3674,Closed,1068,01-08-2011 19:10,22,01-08-2011 19:27
3687,Closed,1513,01-08-2011 19:17,44,01-08-2011 19:42
3691,Closed,489,01-08-2011 19:17,46,01-08-2011 19:25
3728,Closed,1534,01-08-2011 19:57,20,01-08-2011 20:23
3750,Closed,1781,01-08-2011 20:18,15,01-08-2011 20:48
3751,Closed,1776,01-08-2011 20:19,15,01-08-2011 20:48
3784,Closed,603,01-08-2011 21:04,11,01-08-2011 21:14
3813,Closed,3347,01-08-2011 21:50,20,01-08-2011 22:45
3814,Closed,826,01-08-2011 21:53,33,01-08-2011 22:07
3816,Closed,1644,01-08-2011 21:54,17,01-08-2011 22:22
3826,Closed,604,01-08-2011 21:59,34,01-08-2011 22:09
3859,Closed,1606,01-08-2011 22:40,45,01-08-2011 23:07
3875,Closed,3904,01-08-2011 23:01,20,02-08-2011 00:06
3895,Closed,1248,01-08-2011 23:26,6,01-08-2011 23:47
3959,Closed,391,02-08-2011 07:10,38,02-08-2011 07:17
3973,Closed,851,02-08-2011 07:44,53,02-08-2011 07:58
3985,Closed,673,02-08-2011 07:52,23,02-08-2011 08:03
4015,Closed,762,02-08-2011 08:13,38,02-08-2011 08:26
4029,Closed,511,02-08-2011 08:20,36,02-08-2011 08:29
4041,Closed,906,02-08-2011 08:37,25,02-08-2011 08:52
4099,Closed,5240,02-08-2011 09:42,50,02-08-2011 11:09
4125,Closed,1642,02-08-2011 10:28,34,02-08-2011 10:55
4143,Closed,1456,02-08-2011 11:01,33,02-08-2011 11:25
4146,Closed,583,02-08-2011 11:11,52,02-08-2011 11:21
4156,Closed,4596,02-08-2011 11:23,47,02-08-2011 12:39
4180,Closed,2398,02-08-2011 12:03,18,02-08-2011 12:43
4205,Closed,1003,02-08-2011 12:20,39,02-08-2011 12:37
4212,Closed,67,02-08-2011 12:29,36,02-08-2011 12:30
4245,Closed,1035,02-08-2011 13:02,36,02-08-2011 13:20
4288,Closed,1035,02-08-2011 13:39,6,02-08-2011 13:56
4290,Closed,1049,02-08-2011 13:39,6,02-08-2011 13:57
4321,Closed,389,02-08-2011 14:08,21,02-08-2011 14:15
4352,Closed,575,02-08-2011 14:49,23,02-08-2011 14:59
4389,Closed,21,02-08-2011 15:31,35,02-08-2011 15:32
4418,Closed,278,02-08-2011 15:53,3,02-08-2011 15:58
4437,Closed,944,02-08-2011 16:17,36,02-08-2011 16:32
4467,Closed,670,02-08-2011 16:54,33,02-08-2011 17:05
4500,Closed,454,02-08-2011 17:18,8,02-08-2011 17:25
4514,Closed,391,02-08-2011 18:28,53,02-08-2011 18:35
4559,Closed,293,02-08-2011 21:02,48,02-08-2011 21:07
4595,Closed,823,02-08-2011 22:38,42,02-08-2011 22:52
4650,Closed,230,03-08-2011 06:20,49,03-08-2011 06:24
4679,Closed,1218,03-08-2011 07:41,38,03-08-2011 08:01
4694,Closed,571,03-08-2011 07:59,12,03-08-2011 08:09
4704,Closed,1093,03-08-2011 08:05,25,03-08-2011 08:23
4714,Closed,362,03-08-2011 08:16,39,03-08-2011 08:22
4730,Closed,1849,03-08-2011 08:33,38,03-08-2011 09:03
4766,Closed,1645,03-08-2011 09:08,39,03-08-2011 09:36
4770,Closed,11793,03-08-2011 09:10,39,03-08-2011 12:27
4806,Closed,4696,03-08-2011 10:14,17,03-08-2011 11:32
4818,Closed,251,03-08-2011 10:44,47,03-08-2011 10:49
4831,Closed,1147,03-08-2011 11:02,21,03-08-2011 11:21
4892,Closed,427,03-08-2011 12:17,36,03-08-2011 12:24
4912,Closed,1584,03-08-2011 12:32,17,03-08-2011 12:58
4947,Closed,2709,03-08-2011 13:10,32,03-08-2011 13:55
5129,Closed,1372,03-08-2011 16:19,14,03-08-2011 16:42
5241,Closed,659,03-08-2011 17:26,14,03-08-2011 17:37
5251,Closed,742,03-08-2011 17:30,22,03-08-2011 17:42
5271,Closed,1102,03-08-2011 17:35,44,03-08-2011 17:53
5277,Closed,5659,03-08-2011 17:40,42,03-08-2011 19:14
5282,Closed,738,03-08-2011 17:41,11,03-08-2011 17:54
5330,Closed,1424,03-08-2011 18:06,15,03-08-2011 18:29
5366,Closed,7,03-08-2011 18:23,36,03-08-2011 18:23
5446,Closed,679,03-08-2011 19:44,10,03-08-2011 19:55
5455,Closed,463,03-08-2011 19:53,52,03-08-2011 20:00
5509,Closed,867,03-08-2011 21:05,24,03-08-2011 21:20
5518,Closed,400,03-08-2011 21:15,42,03-08-2011 21:22
5521,Closed,673,03-08-2011 21:17,45,03-08-2011 21:28
5560,Closed,491,03-08-2011 22:11,35,03-08-2011 22:19
5674,Closed,1409,04-08-2011 07:46,16,04-08-2011 08:10
5685,Closed,680,04-08-2011 07:55,20,04-08-2011 08:06
5686,Closed,11123,04-08-2011 07:56,50,04-08-2011 11:01
5759,Closed,530,04-08-2011 08:58,38,04-08-2011 09:07
5775,Closed,737,04-08-2011 09:22,17,04-08-2011 09:35
5781,Closed,316,04-08-2011 09:34,22,04-08-2011 09:39
5785,Closed,730,04-08-2011 09:46,25,04-08-2011 09:58
5794,Closed,252,04-08-2011 09:56,25,04-08-2011 10:00
5825,Closed,1484,04-08-2011 10:29,46,04-08-2011 10:54
5883,Closed,280,04-08-2011 11:45,21,04-08-2011 11:50
5890,Closed,421,04-08-2011 11:49,48,04-08-2011 11:56
5933,Closed,1012,04-08-2011 12:17,32,04-08-2011 12:34
5942,Closed,6945,04-08-2011 12:25,24,04-08-2011 14:21
5966,Closed,707,04-08-2011 12:42,49,04-08-2011 12:53
6006,Closed,188,04-08-2011 13:11,47,04-08-2011 13:15
6043,Closed,1474,04-08-2011 13:40,46,04-08-2011 14:05
6097,Closed,397,04-08-2011 14:26,22,04-08-2011 14:32
6156,Closed,396,04-08-2011 15:19,20,04-08-2011 15:26
6189,Closed,296,04-08-2011 15:46,16,04-08-2011 15:51
6209,Closed,793,04-08-2011 15:56,22,04-08-2011 16:09
6233,Closed,1035,04-08-2011 16:11,41,04-08-2011 16:28
6280,Closed,740,04-08-2011 16:39,36,04-08-2011 16:51
6339,Closed,448,04-08-2011 17:04,35,04-08-2011 17:11
6362,Closed,484,04-08-2011 17:15,47,04-08-2011 17:23
6377,Closed,1442,04-08-2011 17:22,23,04-08-2011 17:46
6416,Closed,2704,04-08-2011 17:40,15,04-08-2011 18:25
6589,Closed,1641,04-08-2011 19:20,45,04-08-2011 19:47
6597,Closed,1539,04-08-2011 19:26,22,04-08-2011 19:52
6610,Closed,1697,04-08-2011 19:35,5,04-08-2011 20:03
6615,Closed,984,04-08-2011 19:35,42,04-08-2011 19:51
6653,Closed,941,04-08-2011 20:02,25,04-08-2011 20:18
6666,Closed,686,04-08-2011 20:11,43,04-08-2011 20:23
6674,Closed,675,04-08-2011 20:17,50,04-08-2011 20:28
6713,Closed,1272,04-08-2011 20:48,25,04-08-2011 21:09
6722,Closed,1019,04-08-2011 20:50,52,04-08-2011 21:07
6729,Closed,7323,04-08-2011 20:54,45,04-08-2011 22:56
6759,Closed,3178,04-08-2011 21:37,24,04-08-2011 22:30
6794,Closed,612,04-08-2011 22:31,23,04-08-2011 22:41
6847,Closed,391,04-08-2011 23:32,33,04-08-2011 23:38
6866,Closed,333,04-08-2011 23:59,9,05-08-2011 00:05
6910,Closed,738,05-08-2011 01:45,32,05-08-2011 01:57
6921,Closed,708,05-08-2011 02:15,45,05-08-2011 02:27
6956,Closed,263,05-08-2011 06:19,16,05-08-2011 06:24
6969,Closed,528,05-08-2011 07:07,38,05-08-2011 07:16
7050,Closed,836,05-08-2011 08:18,47,05-08-2011 08:32
7071,Closed,1237,05-08-2011 08:34,23,05-08-2011 08:55
7084,Closed,1112,05-08-2011 08:38,38,05-08-2011 08:57
7099,Closed,311,05-08-2011 08:48,22,05-08-2011 08:54
7116,Closed,427,05-08-2011 08:56,50,05-08-2011 09:03
7180,Closed,362,05-08-2011 09:47,5,05-08-2011 09:53
7191,Closed,542,05-08-2011 09:55,41,05-08-2011 10:04
7200,Closed,299,05-08-2011 10:09,21,05-08-2011 10:14
7298,Closed,5830,05-08-2011 11:06,16,05-08-2011 12:43
7345,Closed,218,05-08-2011 11:37,21,05-08-2011 11:41
7358,Closed,1287,05-08-2011 11:44,43,05-08-2011 12:06
7370,Closed,774,05-08-2011 11:47,36,05-08-2011 12:00
7387,Closed,762,05-08-2011 11:54,50,05-08-2011 12:07
7431,Closed,2119,05-08-2011 12:11,23,05-08-2011 12:46
7433,Closed,9266,05-08-2011 12:13,38,05-08-2011 14:48
7446,Closed,1218,05-08-2011 12:21,42,05-08-2011 12:41
7457,Closed,532,05-08-2011 12:23,3,05-08-2011 12:32
7516,Closed,655,05-08-2011 13:01,36,05-08-2011 13:12
7528,Closed,8079,05-08-2011 13:06,42,05-08-2011 15:21
7576,Closed,1376,05-08-2011 13:32,42,05-08-2011 13:55
7607,Closed,636,05-08-2011 13:57,48,05-08-2011 14:08
7647,Closed,696,05-08-2011 14:19,24,05-08-2011 14:31
7737,Closed,1686,05-08-2011 15:27,52,05-08-2011 15:55
7758,Closed,1448,05-08-2011 15:40,15,05-08-2011 16:04
7831,Closed,439,05-08-2011 16:09,47,05-08-2011 16:16
7859,Closed,688,05-08-2011 16:24,14,05-08-2011 16:35
7866,Closed,3040,05-08-2011 16:28,38,05-08-2011 17:19
7884,Closed,660,05-08-2011 16:41,49,05-08-2011 16:52
7895,Closed,974,05-08-2011 16:45,39,05-08-2011 17:02
7911,Closed,792,05-08-2011 16:49,24,05-08-2011 17:02
7920,Closed,1368,05-08-2011 16:53,38,05-08-2011 17:16
7939,Closed,1025,05-08-2011 16:59,22,05-08-2011 17:16
7952,Closed,3575,05-08-2011 17:04,3,05-08-2011 18:04
7961,Closed,279,05-08-2011 17:06,33,05-08-2011 17:10
7964,Closed,1157,05-08-2011 17:05,46,05-08-2011 17:25
7996,Closed,592,05-08-2011 17:13,31,05-08-2011 17:23
8027,Closed,528,05-08-2011 17:22,18,05-08-2011 17:32
8081,Closed,1544,05-08-2011 17:40,43,05-08-2011 18:06
8182,Closed,714,05-08-2011 18:22,42,05-08-2011 18:34
8216,Closed,2098,05-08-2011 18:38,22,05-08-2011 19:13
8218,Closed,631,05-08-2011 18:38,36,05-08-2011 18:49
8246,Closed,2921,05-08-2011 18:52,52,05-08-2011 19:41
8254,Closed,330,05-08-2011 18:55,39,05-08-2011 19:00
8284,Closed,298,05-08-2011 19:08,14,05-08-2011 19:13
8349,Closed,1106,05-08-2011 19:52,41,05-08-2011 20:10
8364,Closed,157,05-08-2011 20:02,11,05-08-2011 20:05
8401,Closed,2213,05-08-2011 20:42,39,05-08-2011 21:19
8439,Closed,1637,05-08-2011 21:15,5,05-08-2011 21:43
8448,Closed,277,05-08-2011 21:22,9,05-08-2011 21:26
8533,Closed,5351,05-08-2011 22:26,53,05-08-2011 23:55
8584,Closed,446,05-08-2011 22:57,45,05-08-2011 23:04
8720,Closed,1288,06-08-2011 01:22,52,06-08-2011 01:43
8721,Closed,542,06-08-2011 01:22,52,06-08-2011 01:31
8730,Closed,721,06-08-2011 01:47,41,06-08-2011 01:59
8801,Closed,704,06-08-2011 02:53,44,06-08-2011 03:05
8818,Closed,298,06-08-2011 03:51,44,06-08-2011 03:56
8843,Closed,128,06-08-2011 07:44,45,06-08-2011 07:47
8863,Closed,1302,06-08-2011 08:17,44,06-08-2011 08:39
8875,Closed,1781,06-08-2011 08:47,53,06-08-2011 09:17
8922,Closed,2974,06-08-2011 09:48,50,06-08-2011 10:38
8925,Closed,8,06-08-2011 09:47,50,06-08-2011 09:47
8981,Closed,645,06-08-2011 10:36,16,06-08-2011 10:47
9012,Closed,249,06-08-2011 11:00,48,06-08-2011 11:04
9130,Closed,702,06-08-2011 12:07,15,06-08-2011 12:19
9167,Closed,341,06-08-2011 12:27,37,06-08-2011 12:33
9187,Closed,292,06-08-2011 12:37,43,06-08-2011 12:42
9199,Closed,1064,06-08-2011 12:41,41,06-08-2011 12:59
9225,Closed,8216,06-08-2011 12:48,21,06-08-2011 15:05
9242,Closed,354,06-08-2011 12:54,16,06-08-2011 13:00
9255,Closed,18469,06-08-2011 13:00,27,06-08-2011 18:08
9271,Closed,6574,06-08-2011 13:08,40,06-08-2011 14:57
9287,Closed,6080,06-08-2011 13:14,50,06-08-2011 14:56
9291,Closed,546,06-08-2011 13:15,36,06-08-2011 13:24
9292,Closed,1573,06-08-2011 13:15,34,06-08-2011 13:41
9326,Closed,1484,06-08-2011 13:25,14,06-08-2011 13:50
9370,Closed,1460,06-08-2011 13:48,33,06-08-2011 14:13
9393,Closed,68780,06-08-2011 13:58,44,07-08-2011 09:04
9414,Closed,4857,06-08-2011 14:06,52,06-08-2011 15:27
9480,Closed,213,06-08-2011 14:29,32,06-08-2011 14:32
9516,Closed,1060,06-08-2011 14:40,36,06-08-2011 14:58
9539,Closed,4051,06-08-2011 14:49,43,06-08-2011 15:57
9603,Closed,306,06-08-2011 15:09,23,06-08-2011 15:14
9617,Closed,1351,06-08-2011 15:12,48,06-08-2011 15:35
9625,Closed,656,06-08-2011 15:16,9,06-08-2011 15:27
9629,Closed,658,06-08-2011 15:18,36,06-08-2011 15:29
9653,Closed,5867,06-08-2011 15:33,9,06-08-2011 17:11
9657,Closed,3883,06-08-2011 15:36,39,06-08-2011 16:40
9679,Closed,318,06-08-2011 15:38,21,06-08-2011 15:44
9755,Closed,365,06-08-2011 16:22,52,06-08-2011 16:28
9795,Closed,1123,06-08-2011 16:42,42,06-08-2011 17:01
9854,Closed,748,06-08-2011 17:22,45,06-08-2011 17:34
9857,Closed,1339,06-08-2011 17:27,36,06-08-2011 17:49
9874,Closed,546,06-08-2011 17:32,52,06-08-2011 17:41
9902,Closed,1065,06-08-2011 17:48,14,06-08-2011 18:06
9932,Closed,759,06-08-2011 18:03,32,06-08-2011 18:15
9965,Closed,860,06-08-2011 18:23,42,06-08-2011 18:38
10062,Closed,2466,06-08-2011 19:01,16,06-08-2011 19:42
10065,Closed,5256,06-08-2011 19:03,32,06-08-2011 20:30
10081,Closed,2490,06-08-2011 19:06,49,06-08-2011 19:47
10140,Closed,1301,06-08-2011 19:39,33,06-08-2011 20:01
10151,Closed,1274,06-08-2011 19:43,35,06-08-2011 20:04
10160,Closed,1178,06-08-2011 19:47,9,06-08-2011 20:07
10162,Closed,1897,06-08-2011 19:47,52,06-08-2011 20:18
10173,Closed,1566,06-08-2011 19:51,8,06-08-2011 20:17
10186,Closed,1601,06-08-2011 19:57,32,06-08-2011 20:24
10231,Closed,392,06-08-2011 20:20,20,06-08-2011 20:27
10233,Closed,1552,06-08-2011 20:21,46,06-08-2011 20:47
10255,Closed,436,06-08-2011 20:35,52,06-08-2011 20:42
10267,Closed,557,06-08-2011 20:39,20,06-08-2011 20:48
10286,Closed,1228,06-08-2011 20:55,21,06-08-2011 21:16
10306,Closed,911,06-08-2011 21:12,50,06-08-2011 21:28
10335,Closed,1511,06-08-2011 21:37,41,06-08-2011 22:02
10337,Closed,1347,06-08-2011 21:40,41,06-08-2011 22:02
10373,Closed,852,06-08-2011 22:28,16,06-08-2011 22:42
10392,Closed,696,06-08-2011 22:49,52,06-08-2011 23:01
10406,Closed,815,06-08-2011 23:05,5,06-08-2011 23:18
10512,Closed,1382,07-08-2011 01:35,17,07-08-2011 01:58
10556,Closed,467,07-08-2011 03:17,9,07-08-2011 03:25
10590,Closed,22986,07-08-2011 10:58,47,07-08-2011 17:21
10615,Closed,936,07-08-2011 13:41,9,07-08-2011 13:57
10619,Closed,166,07-08-2011 14:09,53,07-08-2011 14:12
10656,Closed,207,07-08-2011 16:16,9,07-08-2011 16:20
10665,Closed,5065,07-08-2011 16:27,44,07-08-2011 17:51
10672,Closed,621,07-08-2011 16:37,39,07-08-2011 16:47
10682,Closed,1275,07-08-2011 16:52,30,07-08-2011 17:13
10750,Closed,1446,07-08-2011 18:01,44,07-08-2011 18:26
10779,Closed,1469,07-08-2011 18:22,25,07-08-2011 18:46
10781,Closed,432,07-08-2011 18:22,21,07-08-2011 18:29
10806,Closed,688,07-08-2011 18:42,40,07-08-2011 18:54
10810,Closed,789,07-08-2011 18:45,9,07-08-2011 18:58
10814,Closed,757,07-08-2011 18:46,23,07-08-2011 18:58
10821,Closed,428,07-08-2011 18:48,44,07-08-2011 18:55
10834,Closed,1343,07-08-2011 18:57,52,07-08-2011 19:19
10836,Closed,5022,07-08-2011 19:01,46,07-08-2011 20:25
10860,Closed,1595,07-08-2011 19:14,44,07-08-2011 19:41
10863,Closed,2702,07-08-2011 19:16,42,07-08-2011 20:01
10877,Closed,2703,07-08-2011 19:28,23,07-08-2011 20:13
10881,Closed,1442,07-08-2011 19:27,15,07-08-2011 19:51
10995,Closed,491,07-08-2011 21:12,36,07-08-2011 21:20
11034,Closed,588,07-08-2011 21:50,52,07-08-2011 21:59
11052,Closed,1524,07-08-2011 22:26,22,07-08-2011 22:51
11058,Closed,816,07-08-2011 22:43,35,07-08-2011 22:57
11066,Closed,563,07-08-2011 22:58,30,07-08-2011 23:08
11105,Closed,633,08-08-2011 00:55,33,08-08-2011 01:06
11117,Closed,1505,08-08-2011 02:06,44,08-08-2011 02:31
11121,Closed,1591,08-08-2011 02:30,24,08-08-2011 02:57
11142,Closed,606,08-08-2011 06:18,38,08-08-2011 06:28
11234,Closed,1627,08-08-2011 08:22,17,08-08-2011 08:50
11245,Closed,744,08-08-2011 08:28,22,08-08-2011 08:41
11315,Closed,24479,08-08-2011 09:31,23,08-08-2011 16:19
11332,Closed,616,08-08-2011 10:05,42,08-08-2011 10:15
11340,Closed,5436,08-08-2011 10:19,52,08-08-2011 11:50
11386,Closed,17147,08-08-2011 11:35,23,08-08-2011 16:21
11404,Closed,24188,08-08-2011 11:51,36,08-08-2011 18:34
11426,Closed,23426,08-08-2011 12:16,48,08-08-2011 18:47
11430,Closed,23468,08-08-2011 12:16,48,08-08-2011 18:47
11440,Closed,180,08-08-2011 12:22,21,08-08-2011 12:25
11488,Closed,545,08-08-2011 13:21,33,08-08-2011 13:30
11495,Closed,239,08-08-2011 13:26,52,08-08-2011 13:30
11498,Closed,895,08-08-2011 13:29,25,08-08-2011 13:44
11502,Closed,296,08-08-2011 13:40,53,08-08-2011 13:44
11514,Closed,347,08-08-2011 13:50,32,08-08-2011 13:56
11519,Closed,474,08-08-2011 13:53,49,08-08-2011 14:01
11526,Closed,439,08-08-2011 14:08,35,08-08-2011 14:15
11551,Closed,323,08-08-2011 14:43,47,08-08-2011 14:49
11562,Closed,632,08-08-2011 15:03,44,08-08-2011 15:14
11577,Closed,1317,08-08-2011 15:35,5,08-08-2011 15:57
11685,Closed,275,08-08-2011 17:03,21,08-08-2011 17:08
11701,Closed,1208,08-08-2011 17:08,48,08-08-2011 17:28
11715,Closed,609,08-08-2011 17:26,32,08-08-2011 17:36
11803,Closed,660,08-08-2011 18:32,36,08-08-2011 18:43
11846,Closed,1086,08-08-2011 19:03,33,08-08-2011 19:22
11876,Closed,141,08-08-2011 19:24,45,08-08-2011 19:26
11962,Closed,451,08-08-2011 20:30,24,08-08-2011 20:38
11974,Closed,383,08-08-2011 20:39,8,08-08-2011 20:45
11981,Closed,471,08-08-2011 20:43,21,08-08-2011 20:51
11987,Closed,1722,08-08-2011 20:56,46,08-08-2011 21:24
11995,Closed,255,08-08-2011 21:00,32,08-08-2011 21:04
12004,Closed,13,08-08-2011 21:06,11,08-08-2011 21:06
12013,Closed,1796,08-08-2011 21:27,24,08-08-2011 21:56
12085,Closed,1172,08-08-2011 23:04,44,08-08-2011 23:23
12168,Closed,442,09-08-2011 06:05,53,09-08-2011 06:12
12225,Closed,615,09-08-2011 07:39,6,09-08-2011 07:49
12233,Closed,808,09-08-2011 07:45,25,09-08-2011 07:58
12242,Closed,303,09-08-2011 07:52,25,09-08-2011 07:57
12293,Closed,16915,09-08-2011 08:28,43,09-08-2011 13:10
12305,Closed,447,09-08-2011 08:34,22,09-08-2011 08:42
12379,Closed,160,09-08-2011 09:30,22,09-08-2011 09:33
12404,Closed,320,09-08-2011 09:49,44,09-08-2011 09:54
12411,Closed,2050,09-08-2011 09:56,41,09-08-2011 10:30
12432,Closed,424,09-08-2011 10:18,14,09-08-2011 10:25
12520,Closed,19329,09-08-2011 11:54,21,09-08-2011 17:16
12539,Closed,586,09-08-2011 12:02,20,09-08-2011 12:12
12627,Closed,441,09-08-2011 13:20,23,09-08-2011 13:28
12666,Closed,1370,09-08-2011 13:55,42,09-08-2011 14:18
12679,Closed,191,09-08-2011 14:02,33,09-08-2011 14:05
12739,Closed,294,09-08-2011 14:42,21,09-08-2011 14:47
12741,Closed,543,09-08-2011 14:45,53,09-08-2011 14:54
12798,Closed,376,09-08-2011 15:27,48,09-08-2011 15:34
12827,Closed,9656,09-08-2011 15:55,30,09-08-2011 18:36
12831,Closed,546,09-08-2011 15:58,46,09-08-2011 16:07
12836,Closed,1578,09-08-2011 16:02,6,09-08-2011 16:29
12839,Closed,1259,09-08-2011 16:07,21,09-08-2011 16:28
12908,Closed,364,09-08-2011 16:46,53,09-08-2011 16:52
12914,Closed,593,09-08-2011 16:48,24,09-08-2011 16:58
12983,Closed,754,09-08-2011 17:18,22,09-08-2011 17:31
13013,Closed,726,09-08-2011 17:30,14,09-08-2011 17:42
13056,Closed,466,09-08-2011 17:53,43,09-08-2011 18:01
13075,Closed,3686,09-08-2011 18:06,46,09-08-2011 19:07
13144,Closed,1784,09-08-2011 19:08,44,09-08-2011 19:38
13157,Closed,920,09-08-2011 19:39,10,09-08-2011 19:55
13175,Closed,345,09-08-2011 20:03,49,09-08-2011 20:09
13188,Closed,30,09-08-2011 21:25,10,09-08-2011 21:25
13291,Closed,518,10-08-2011 08:23,12,10-08-2011 08:32
13300,Closed,877,10-08-2011 08:35,41,10-08-2011 08:49
13311,Closed,353,10-08-2011 08:39,35,10-08-2011 08:45
13319,Closed,734,10-08-2011 08:45,38,10-08-2011 08:58
13331,Closed,807,10-08-2011 08:54,25,10-08-2011 09:07
13344,Closed,625,10-08-2011 09:06,38,10-08-2011 09:16
13347,Closed,263,10-08-2011 09:07,40,10-08-2011 09:12
13355,Closed,597,10-08-2011 09:15,22,10-08-2011 09:25
13440,Closed,14063,10-08-2011 11:26,32,10-08-2011 15:20
13481,Closed,888,10-08-2011 12:18,35,10-08-2011 12:33
13483,Closed,1262,10-08-2011 12:19,6,10-08-2011 12:40
13515,Closed,804,10-08-2011 12:59,22,10-08-2011 13:12
13544,Closed,508,10-08-2011 13:16,42,10-08-2011 13:25
13628,Closed,539,10-08-2011 14:25,32,10-08-2011 14:34
13649,Closed,2166,10-08-2011 14:45,53,10-08-2011 15:21
13655,Closed,385,10-08-2011 14:48,36,10-08-2011 14:55
13705,Closed,4512,10-08-2011 15:28,45,10-08-2011 16:43
13721,Closed,326,10-08-2011 15:37,36,10-08-2011 15:42
13752,Closed,1239,10-08-2011 16:01,45,10-08-2011 16:21
13791,Closed,988,10-08-2011 16:29,16,10-08-2011 16:46
13802,Closed,5919,10-08-2011 16:40,40,10-08-2011 18:19
13804,Closed,238,10-08-2011 16:39,35,10-08-2011 16:43
13818,Closed,199,10-08-2011 16:44,38,10-08-2011 16:47
13839,Closed,4741,10-08-2011 16:58,33,10-08-2011 18:17
13849,Closed,1083,10-08-2011 16:58,36,10-08-2011 17:17
13878,Closed,7236,10-08-2011 17:10,46,10-08-2011 19:11
13933,Closed,859,10-08-2011 17:31,41,10-08-2011 17:45
13959,Closed,573,10-08-2011 17:43,13,10-08-2011 17:52
13961,Closed,1293,10-08-2011 17:45,38,10-08-2011 18:07
13990,Closed,324,10-08-2011 18:06,22,10-08-2011 18:11
13999,Closed,1419,10-08-2011 18:11,21,10-08-2011 18:34
14020,Closed,1318,10-08-2011 18:20,22,10-08-2011 18:42
14054,Closed,2147,10-08-2011 18:39,47,10-08-2011 19:15
14099,Closed,13507,10-08-2011 19:03,52,10-08-2011 22:48
14132,Closed,528,10-08-2011 19:24,17,10-08-2011 19:33
14154,Closed,614,10-08-2011 19:40,49,10-08-2011 19:50
14156,Closed,1545,10-08-2011 19:42,24,10-08-2011 20:08
14161,Closed,417,10-08-2011 19:46,18,10-08-2011 19:53
14162,Closed,7116,10-08-2011 19:46,40,10-08-2011 21:45
14174,Closed,843,10-08-2011 19:55,38,10-08-2011 20:09
14187,Closed,1333,10-08-2011 20:04,35,10-08-2011 20:26
14274,Closed,245,10-08-2011 21:26,33,10-08-2011 21:31
14283,Closed,663,10-08-2011 21:41,52,10-08-2011 21:52
14287,Closed,621,10-08-2011 21:43,36,10-08-2011 21:53
14335,Closed,33841,10-08-2011 23:18,16,11-08-2011 08:42
14362,Closed,912,11-08-2011 00:03,53,11-08-2011 00:19
14373,Closed,491,11-08-2011 00:23,44,11-08-2011 00:31
14387,Closed,319,11-08-2011 00:59,32,11-08-2011 01:04
14413,Closed,1169,11-08-2011 03:02,9,11-08-2011 03:21
14432,Closed,317,11-08-2011 06:08,53,11-08-2011 06:13
14477,Closed,929,11-08-2011 07:40,6,11-08-2011 07:56
14490,Closed,334,11-08-2011 07:52,53,11-08-2011 07:58
14496,Closed,301,11-08-2011 07:56,38,11-08-2011 08:01
14507,Closed,1262,11-08-2011 08:02,53,11-08-2011 08:23
14556,Closed,933,11-08-2011 08:31,33,11-08-2011 08:47
14571,Closed,417,11-08-2011 08:36,6,11-08-2011 08:43
14603,Closed,1080,11-08-2011 08:54,46,11-08-2011 09:12
14667,Closed,430,11-08-2011 09:42,23,11-08-2011 09:49
14799,Closed,1272,11-08-2011 12:01,46,11-08-2011 12:22
14840,Closed,1468,11-08-2011 12:27,50,11-08-2011 12:51
14963,Closed,13498,11-08-2011 13:28,35,11-08-2011 17:13
15119,Closed,1124,11-08-2011 15:27,39,11-08-2011 15:45
15158,Closed,991,11-08-2011 15:56,23,11-08-2011 16:12
15169,Closed,587,11-08-2011 16:05,16,11-08-2011 16:15
15269,Closed,257,11-08-2011 16:48,11,11-08-2011 16:52
15300,Closed,573,11-08-2011 17:02,38,11-08-2011 17:12
15350,Closed,239,11-08-2011 17:18,43,11-08-2011 17:22
15401,Closed,1471,11-08-2011 17:35,22,11-08-2011 18:00
15439,Closed,209,11-08-2011 17:52,53,11-08-2011 17:55
15446,Closed,1035,11-08-2011 17:57,42,11-08-2011 18:14
15488,Closed,441,11-08-2011 18:13,45,11-08-2011 18:20
15496,Closed,14571,11-08-2011 18:17,17,11-08-2011 22:20
15503,Closed,719,11-08-2011 18:19,36,11-08-2011 18:31
15551,Closed,1242,11-08-2011 18:38,36,11-08-2011 18:59
15619,Closed,775,11-08-2011 19:01,40,11-08-2011 19:14
15641,Closed,1756,11-08-2011 19:10,8,11-08-2011 19:40
15719,Closed,440,11-08-2011 20:11,22,11-08-2011 20:18
15740,Closed,313,11-08-2011 20:34,22,11-08-2011 20:39
15776,Closed,2290,11-08-2011 21:14,8,11-08-2011 21:53
15788,Closed,1482,11-08-2011 21:22,3,11-08-2011 21:47
15839,Closed,789,11-08-2011 22:37,33,11-08-2011 22:50
15867,Closed,815,11-08-2011 23:12,31,11-08-2011 23:26
15887,Closed,1197,11-08-2011 23:29,52,11-08-2011 23:49
15925,Closed,1212,12-08-2011 00:16,42,12-08-2011 00:36
16010,Closed,701,12-08-2011 07:17,52,12-08-2011 07:29
16022,Closed,499,12-08-2011 07:34,36,12-08-2011 07:42
16114,Closed,688,12-08-2011 08:30,42,12-08-2011 08:41
16137,Closed,284,12-08-2011 08:45,49,12-08-2011 08:49
16140,Closed,318,12-08-2011 08:47,47,12-08-2011 08:52
16170,Closed,1399,12-08-2011 09:04,41,12-08-2011 09:27
16187,Closed,4076,12-08-2011 09:18,17,12-08-2011 10:26
16193,Closed,890,12-08-2011 09:22,16,12-08-2011 09:37
16249,Closed,5277,12-08-2011 10:18,44,12-08-2011 11:46
16276,Closed,2576,12-08-2011 10:49,6,12-08-2011 11:32
16286,Closed,4333,12-08-2011 10:56,17,12-08-2011 12:08
16303,Closed,15587,12-08-2011 11:08,6,12-08-2011 15:28
16306,Closed,2000,12-08-2011 11:09,46,12-08-2011 11:43
16332,Closed,1036,12-08-2011 11:29,36,12-08-2011 11:46
16401,Closed,568,12-08-2011 12:15,45,12-08-2011 12:25
16421,Closed,341,12-08-2011 12:25,16,12-08-2011 12:31
16475,Closed,3173,12-08-2011 13:02,20,12-08-2011 13:55
16541,Closed,1080,12-08-2011 13:30,50,12-08-2011 13:48
16612,Closed,8677,12-08-2011 14:06,3,12-08-2011 16:31
16643,Closed,17718,12-08-2011 14:17,50,12-08-2011 19:12
16647,Closed,183,12-08-2011 14:17,43,12-08-2011 14:20
16656,Closed,3288,12-08-2011 14:25,33,12-08-2011 15:20
16681,Closed,1883,12-08-2011 14:41,35,12-08-2011 15:12
16700,Closed,7702,12-08-2011 14:53,46,12-08-2011 17:01
16751,Closed,3,12-08-2011 15:20,32,12-08-2011 15:20
16769,Closed,1039,12-08-2011 15:36,46,12-08-2011 15:53
16871,Closed,171,12-08-2011 16:23,35,12-08-2011 16:26
16915,Closed,365,12-08-2011 16:43,35,12-08-2011 16:49
16917,Closed,1494,12-08-2011 16:44,6,12-08-2011 17:09
16938,Closed,7361,12-08-2011 16:51,46,12-08-2011 18:54
17174,Closed,970,12-08-2011 18:29,42,12-08-2011 18:45
17299,Closed,845,12-08-2011 19:52,38,12-08-2011 20:06
17329,Closed,800,12-08-2011 20:10,47,12-08-2011 20:23
17382,Closed,270,12-08-2011 20:46,30,12-08-2011 20:50
17392,Closed,691,12-08-2011 20:56,9,12-08-2011 21:07
17408,Closed,316,12-08-2011 21:08,25,12-08-2011 21:13
17424,Closed,1702,12-08-2011 21:23,46,12-08-2011 21:51
17433,Closed,991,12-08-2011 21:30,40,12-08-2011 21:46
17437,Closed,1367,12-08-2011 21:31,50,12-08-2011 21:53
17522,Closed,1442,12-08-2011 23:16,42,12-08-2011 23:40
17542,Closed,294,12-08-2011 23:29,22,12-08-2011 23:34
17712,Closed,907,13-08-2011 03:52,46,13-08-2011 04:07
17780,Closed,1435,13-08-2011 09:11,53,13-08-2011 09:35
17797,Closed,3452,13-08-2011 09:27,25,13-08-2011 10:25
17821,Closed,2073,13-08-2011 09:49,33,13-08-2011 10:23
17944,Closed,2626,13-08-2011 11:11,18,13-08-2011 11:54
17983,Closed,267,13-08-2011 11:35,22,13-08-2011 11:40
17999,Closed,525,13-08-2011 11:43,35,13-08-2011 11:52
18009,Closed,519,13-08-2011 11:47,52,13-08-2011 11:55
18012,Closed,857,13-08-2011 11:47,14,13-08-2011 12:01
18065,Closed,2327,13-08-2011 12:08,53,13-08-2011 12:47
18123,Closed,423,13-08-2011 12:28,6,13-08-2011 12:36
18140,Closed,1127,13-08-2011 12:34,33,13-08-2011 12:53
18145,Closed,1406,13-08-2011 12:35,24,13-08-2011 12:58
18264,Closed,5101,13-08-2011 13:22,53,13-08-2011 14:47
18265,Closed,5107,13-08-2011 13:22,53,13-08-2011 14:47
18274,Closed,737,13-08-2011 13:24,42,13-08-2011 13:36
18355,Closed,1065,13-08-2011 13:54,46,13-08-2011 14:12
18380,Closed,652,13-08-2011 14:05,38,13-08-2011 14:16
18383,Closed,294,13-08-2011 14:05,36,13-08-2011 14:10
18396,Closed,1638,13-08-2011 14:09,16,13-08-2011 14:36
18405,Closed,1542,13-08-2011 14:14,47,13-08-2011 14:40
18406,Closed,15534,13-08-2011 14:16,16,13-08-2011 18:35
18413,Closed,10753,13-08-2011 14:17,5,13-08-2011 17:16
18422,Closed,227,13-08-2011 14:17,36,13-08-2011 14:21
18490,Closed,5103,13-08-2011 14:42,24,13-08-2011 16:07
18507,Closed,7630,13-08-2011 14:46,39,13-08-2011 16:53
18747,Closed,991,13-08-2011 16:03,42,13-08-2011 16:20
18751,Closed,976,13-08-2011 16:05,41,13-08-2011 16:21
18848,Closed,1102,13-08-2011 16:43,42,13-08-2011 17:01
18867,Closed,943,13-08-2011 16:54,36,13-08-2011 17:09
18897,Closed,324,13-08-2011 17:12,45,13-08-2011 17:17
18923,Closed,1045,13-08-2011 17:22,33,13-08-2011 17:40
18957,Closed,1089,13-08-2011 17:36,44,13-08-2011 17:54
18961,Closed,10647,13-08-2011 17:40,42,13-08-2011 20:37
18970,Closed,1347,13-08-2011 17:42,36,13-08-2011 18:05
18975,Closed,1757,13-08-2011 17:44,50,13-08-2011 18:13
19041,Closed,201,13-08-2011 18:11,16,13-08-2011 18:14
19091,Closed,4291,13-08-2011 18:35,36,13-08-2011 19:47
19118,Closed,1908,13-08-2011 18:53,10,13-08-2011 19:25
19195,Closed,868,13-08-2011 19:25,41,13-08-2011 19:39
19234,Closed,1625,13-08-2011 19:42,41,13-08-2011 20:09
19260,Closed,1103,13-08-2011 19:57,13,13-08-2011 20:16
19263,Closed,663,13-08-2011 20:00,17,13-08-2011 20:11
19301,Closed,574,13-08-2011 20:28,42,13-08-2011 20:38
19325,Closed,1999,13-08-2011 20:55,42,13-08-2011 21:28
19356,Closed,1352,13-08-2011 21:17,50,13-08-2011 21:40
19366,Closed,1611,13-08-2011 21:21,34,13-08-2011 21:48
19410,Closed,1579,13-08-2011 21:51,21,13-08-2011 22:17
19447,Closed,916,13-08-2011 22:32,24,13-08-2011 22:47
19476,Closed,2309,13-08-2011 22:45,49,13-08-2011 23:23
19493,Closed,1116,13-08-2011 23:02,41,13-08-2011 23:21
19547,Closed,10061,13-08-2011 23:47,21,14-08-2011 02:35
19601,Closed,767,14-08-2011 00:48,49,14-08-2011 01:01
19628,Closed,1166,14-08-2011 01:43,16,14-08-2011 02:03
19634,Closed,1136,14-08-2011 01:53,23,14-08-2011 02:12
19659,Closed,656,14-08-2011 02:39,36,14-08-2011 02:50
19751,Closed,1402,14-08-2011 10:18,16,14-08-2011 10:41
19839,Closed,891,14-08-2011 11:48,52,14-08-2011 12:03
19852,Closed,460,14-08-2011 11:54,52,14-08-2011 12:02
19886,Closed,7846,14-08-2011 12:17,11,14-08-2011 14:28
19895,Closed,1548,14-08-2011 12:23,49,14-08-2011 12:48
19946,Closed,1913,14-08-2011 12:51,35,14-08-2011 13:23
19958,Closed,563,14-08-2011 12:54,52,14-08-2011 13:03
19966,Closed,1648,14-08-2011 13:00,21,14-08-2011 13:27
20020,Closed,1393,14-08-2011 13:27,16,14-08-2011 13:51
20082,Closed,841,14-08-2011 14:10,50,14-08-2011 14:24
20187,Closed,816,14-08-2011 14:57,24,14-08-2011 15:11
20190,Closed,1157,14-08-2011 14:58,46,14-08-2011 15:17
20193,Closed,1594,14-08-2011 14:59,18,14-08-2011 15:26
20200,Closed,2928,14-08-2011 15:04,46,14-08-2011 15:52
20293,Closed,1411,14-08-2011 16:08,47,14-08-2011 16:32
20318,Closed,652,14-08-2011 16:25,52,14-08-2011 16:36
20367,Closed,423,14-08-2011 16:51,47,14-08-2011 16:58
20421,Closed,956,14-08-2011 17:20,3,14-08-2011 17:36
20424,Closed,1361,14-08-2011 17:23,24,14-08-2011 17:45
20440,Closed,3398,14-08-2011 17:34,36,14-08-2011 18:31
20466,Closed,1738,14-08-2011 17:50,36,14-08-2011 18:19
20511,Closed,497,14-08-2011 18:30,9,14-08-2011 18:38
20546,Closed,226,14-08-2011 18:59,18,14-08-2011 19:03
20597,Closed,5675,14-08-2011 19:45,23,14-08-2011 21:20
20606,Closed,920,14-08-2011 19:52,36,14-08-2011 20:07
20644,Closed,984,14-08-2011 20:33,42,14-08-2011 20:49
20661,Closed,3157,14-08-2011 20:48,16,14-08-2011 21:41
20786,Closed,720,15-08-2011 07:06,22,15-08-2011 07:18
20829,Closed,1616,15-08-2011 11:06,24,15-08-2011 11:33
20847,Closed,267,15-08-2011 13:49,22,15-08-2011 13:54
20848,Closed,281,15-08-2011 14:05,5,15-08-2011 14:09
20851,Closed,1345,15-08-2011 15:16,8,15-08-2011 15:38
20882,Closed,634,15-08-2011 18:38,36,15-08-2011 18:49
20892,Closed,861,15-08-2011 19:34,11,15-08-2011 19:48
20966,Closed,430,16-08-2011 07:44,40,16-08-2011 07:51
21079,Closed,769,16-08-2011 09:26,25,16-08-2011 09:39
21166,Closed,17695,16-08-2011 11:44,36,16-08-2011 16:38
21177,Closed,115,16-08-2011 11:59,17,16-08-2011 12:01
21229,Closed,422,16-08-2011 12:57,23,16-08-2011 13:04
21287,Closed,639,16-08-2011 13:46,16,16-08-2011 13:57
21294,Closed,27,16-08-2011 13:54,38,16-08-2011 13:54
21351,Closed,331,16-08-2011 15:19,11,16-08-2011 15:25
21361,Closed,452,16-08-2011 15:30,33,16-08-2011 15:38
21387,Closed,418,16-08-2011 15:45,14,16-08-2011 15:52
21425,Closed,1211,16-08-2011 16:13,10,16-08-2011 16:34
21463,Closed,519,16-08-2011 16:38,24,16-08-2011 16:47
21469,Closed,550,16-08-2011 16:39,22,16-08-2011 16:48
21479,Closed,3949,16-08-2011 16:47,32,16-08-2011 17:53
21528,Closed,797,16-08-2011 17:01,45,16-08-2011 17:14
21570,Closed,1735,16-08-2011 17:14,41,16-08-2011 17:43
21626,Closed,597,16-08-2011 17:32,32,16-08-2011 17:42
21633,Closed,713,16-08-2011 17:37,52,16-08-2011 17:49
21646,Closed,1230,16-08-2011 17:43,49,16-08-2011 18:03
21691,Closed,925,16-08-2011 17:58,16,16-08-2011 18:14
21743,Closed,727,16-08-2011 18:21,24,16-08-2011 18:33
21848,Closed,1394,16-08-2011 19:25,36,16-08-2011 19:48
21868,Closed,630,16-08-2011 19:35,20,16-08-2011 19:46
21911,Closed,1132,16-08-2011 20:09,42,16-08-2011 20:28
21948,Closed,756,16-08-2011 20:37,9,16-08-2011 20:49
22008,Closed,2452,16-08-2011 21:50,20,16-08-2011 22:31
22012,Closed,44,16-08-2011 21:51,6,16-08-2011 21:52
22014,Closed,862,16-08-2011 21:53,35,16-08-2011 22:07
22041,Closed,897,16-08-2011 22:23,33,16-08-2011 22:38
22072,Closed,1155,16-08-2011 23:01,52,16-08-2011 23:21
22093,Closed,300,17-08-2011 00:09,50,17-08-2011 00:14
22100,Closed,467,17-08-2011 00:54,45,17-08-2011 01:02
22133,Closed,609,17-08-2011 05:04,52,17-08-2011 05:14
22151,Closed,1336,17-08-2011 06:54,38,17-08-2011 07:16
22260,Closed,860,17-08-2011 08:14,25,17-08-2011 08:28
22306,Closed,451,17-08-2011 08:33,52,17-08-2011 08:40
22347,Closed,863,17-08-2011 08:54,53,17-08-2011 09:08
22383,Closed,523,17-08-2011 09:21,47,17-08-2011 09:30
22433,Closed,1316,17-08-2011 10:13,23,17-08-2011 10:35
22441,Closed,816,17-08-2011 10:25,36,17-08-2011 10:39
22485,Closed,198,17-08-2011 10:53,18,17-08-2011 10:56
22500,Closed,21102,17-08-2011 11:13,36,17-08-2011 17:05
22511,Closed,1543,17-08-2011 11:21,48,17-08-2011 11:47
22516,Closed,1515,17-08-2011 11:24,53,17-08-2011 11:50
22607,Closed,219,17-08-2011 12:26,40,17-08-2011 12:29
22623,Closed,1256,17-08-2011 12:37,52,17-08-2011 12:58
22631,Closed,1074,17-08-2011 12:41,33,17-08-2011 12:59
22633,Closed,537,17-08-2011 12:40,48,17-08-2011 12:49
22655,Closed,469,17-08-2011 12:46,50,17-08-2011 12:54
22669,Closed,19394,17-08-2011 12:52,40,17-08-2011 18:16
22692,Closed,551,17-08-2011 13:11,53,17-08-2011 13:20
22764,Closed,26720,17-08-2011 14:01,33,17-08-2011 21:27
22779,Closed,757,17-08-2011 14:19,21,17-08-2011 14:31
22801,Closed,2427,17-08-2011 14:38,15,17-08-2011 15:19
22803,Closed,15127,17-08-2011 14:43,46,17-08-2011 18:55
22871,Closed,7572,17-08-2011 15:20,52,17-08-2011 17:26
22905,Closed,1328,17-08-2011 15:39,22,17-08-2011 16:01
22928,Closed,11389,17-08-2011 15:56,34,17-08-2011 19:06
22948,Closed,1013,17-08-2011 16:03,30,17-08-2011 16:20
22987,Closed,1096,17-08-2011 16:25,20,17-08-2011 16:43
23009,Closed,1704,17-08-2011 16:32,45,17-08-2011 17:01
23021,Closed,8971,17-08-2011 16:42,52,17-08-2011 19:11
23055,Closed,467,17-08-2011 16:51,11,17-08-2011 16:59
23065,Closed,558,17-08-2011 16:56,49,17-08-2011 17:05
23139,Closed,589,17-08-2011 17:12,53,17-08-2011 17:21
23192,Closed,661,17-08-2011 17:28,42,17-08-2011 17:39
23200,Closed,334,17-08-2011 17:30,24,17-08-2011 17:35
23204,Closed,85571,17-08-2011 17:31,40,18-08-2011 17:18
23205,Closed,1784,17-08-2011 17:32,41,17-08-2011 18:01
23222,Closed,1897,17-08-2011 17:38,46,17-08-2011 18:09
23237,Closed,632,17-08-2011 17:42,50,17-08-2011 17:52
23240,Closed,425,17-08-2011 17:42,3,17-08-2011 17:49
23310,Closed,1692,17-08-2011 18:08,50,17-08-2011 18:36
23341,Closed,3937,17-08-2011 18:19,17,17-08-2011 19:25
23349,Closed,1538,17-08-2011 18:21,20,17-08-2011 18:47
23353,Closed,533,17-08-2011 18:22,16,17-08-2011 18:31
23360,Closed,1372,17-08-2011 18:24,22,17-08-2011 18:47
23387,Closed,2520,17-08-2011 18:38,53,17-08-2011 19:20
23396,Closed,5513,17-08-2011 18:41,42,17-08-2011 20:13
23409,Closed,1240,17-08-2011 18:44,43,17-08-2011 19:04
23428,Closed,2792,17-08-2011 18:56,11,17-08-2011 19:43
23455,Closed,1847,17-08-2011 19:07,53,17-08-2011 19:38
23509,Closed,2387,17-08-2011 19:33,42,17-08-2011 20:13
23516,Closed,1101,17-08-2011 19:37,38,17-08-2011 19:55
23587,Closed,2386,17-08-2011 20:27,35,17-08-2011 21:07
23596,Closed,614,17-08-2011 20:42,50,17-08-2011 20:52
23613,Closed,345,17-08-2011 20:57,46,17-08-2011 21:03
23657,Closed,440,17-08-2011 21:53,49,17-08-2011 22:00
23682,Closed,2145,17-08-2011 22:17,39,17-08-2011 22:52
23708,Closed,440,17-08-2011 22:53,24,17-08-2011 23:00
23725,Closed,1372,17-08-2011 23:05,32,17-08-2011 23:28
23733,Closed,820,17-08-2011 23:31,45,17-08-2011 23:44
23757,Closed,1581,18-08-2011 00:47,18,18-08-2011 01:13
23842,Closed,705,18-08-2011 07:31,43,18-08-2011 07:43
23853,Closed,1192,18-08-2011 07:42,6,18-08-2011 08:02
23878,Closed,230,18-08-2011 07:56,20,18-08-2011 08:00
23901,Closed,1263,18-08-2011 08:10,22,18-08-2011 08:31
23949,Closed,1147,18-08-2011 08:35,16,18-08-2011 08:54
23969,Closed,11866,18-08-2011 08:47,36,18-08-2011 12:05
23970,Closed,231,18-08-2011 08:46,25,18-08-2011 08:50
23986,Closed,11365,18-08-2011 08:54,36,18-08-2011 12:04
24012,Closed,555,18-08-2011 09:14,6,18-08-2011 09:23
24030,Closed,459,18-08-2011 09:33,50,18-08-2011 09:40
24072,Closed,342,18-08-2011 10:28,25,18-08-2011 10:34
24090,Closed,5112,18-08-2011 10:45,36,18-08-2011 12:10
24132,Closed,693,18-08-2011 11:17,12,18-08-2011 11:28
24176,Closed,652,18-08-2011 11:50,48,18-08-2011 12:01
24200,Closed,808,18-08-2011 12:07,22,18-08-2011 12:20
24202,Closed,774,18-08-2011 12:08,50,18-08-2011 12:21
24211,Closed,292,18-08-2011 12:17,49,18-08-2011 12:22
24213,Closed,5736,18-08-2011 12:21,42,18-08-2011 13:57
24239,Closed,1395,18-08-2011 12:34,8,18-08-2011 12:57
24244,Closed,1123,18-08-2011 12:36,22,18-08-2011 12:55
24269,Closed,13,18-08-2011 12:52,36,18-08-2011 12:53
24285,Closed,646,18-08-2011 13:06,48,18-08-2011 13:17
24322,Closed,340,18-08-2011 13:32,36,18-08-2011 13:38
24331,Closed,324,18-08-2011 13:37,25,18-08-2011 13:43
24359,Closed,724,18-08-2011 13:54,35,18-08-2011 14:06
24361,Closed,1147,18-08-2011 13:58,36,18-08-2011 14:17
24365,Closed,191,18-08-2011 13:58,5,18-08-2011 14:01
24397,Closed,624,18-08-2011 14:31,33,18-08-2011 14:42
24438,Closed,2066,18-08-2011 15:12,16,18-08-2011 15:46
24467,Closed,572,18-08-2011 15:26,34,18-08-2011 15:36
24485,Closed,348,18-08-2011 15:34,48,18-08-2011 15:40
24488,Closed,187,18-08-2011 15:36,35,18-08-2011 15:39
24506,Closed,790,18-08-2011 15:44,52,18-08-2011 15:58
24558,Closed,2183,18-08-2011 16:14,23,18-08-2011 16:50
24564,Closed,479,18-08-2011 16:14,46,18-08-2011 16:22
24570,Closed,1605,18-08-2011 16:16,22,18-08-2011 16:42
24578,Closed,9289,18-08-2011 16:19,23,18-08-2011 18:54
24593,Closed,743,18-08-2011 16:23,22,18-08-2011 16:35
24594,Closed,3643,18-08-2011 16:24,20,18-08-2011 17:25
24623,Closed,241,18-08-2011 16:36,44,18-08-2011 16:40
24624,Closed,878,18-08-2011 16:37,23,18-08-2011 16:52
24630,Closed,565,18-08-2011 16:40,16,18-08-2011 16:50
24649,Closed,1145,18-08-2011 16:52,32,18-08-2011 17:11
24669,Closed,3339,18-08-2011 16:58,44,18-08-2011 17:53
24704,Closed,4889,18-08-2011 17:08,52,18-08-2011 18:29
24705,Closed,1187,18-08-2011 17:07,34,18-08-2011 17:27
24707,Closed,1992,18-08-2011 17:07,9,18-08-2011 17:40
24744,Closed,209,18-08-2011 13:27,43,18-08-2011 13:31
24751,Closed,437,18-08-2011 17:23,22,18-08-2011 17:30
24752,Closed,768,18-08-2011 17:23,42,18-08-2011 17:36
24765,Closed,828,18-08-2011 17:27,44,18-08-2011 17:41
24775,Closed,490,18-08-2011 17:29,21,18-08-2011 17:38
24786,Closed,370,18-08-2011 17:35,22,18-08-2011 17:41
24881,Closed,1872,18-08-2011 18:12,21,18-08-2011 18:43
24915,Closed,1515,18-08-2011 18:27,42,18-08-2011 18:52
24934,Closed,585,18-08-2011 18:41,21,18-08-2011 18:50
24972,Closed,797,18-08-2011 18:59,22,18-08-2011 19:12
24992,Closed,62034,18-08-2011 19:07,51,19-08-2011 12:21
25020,Closed,5135,18-08-2011 19:18,36,18-08-2011 20:44
25058,Closed,1666,18-08-2011 19:34,32,18-08-2011 20:02
25094,Closed,683,18-08-2011 19:57,10,18-08-2011 20:09
25126,Closed,712,18-08-2011 20:22,25,18-08-2011 20:33
25138,Closed,418,18-08-2011 20:29,33,18-08-2011 20:36
25261,Closed,736,18-08-2011 22:17,52,18-08-2011 22:29
25285,Closed,1027,18-08-2011 22:35,24,18-08-2011 22:52
25330,Closed,1432,18-08-2011 23:17,11,18-08-2011 23:41
25331,Closed,472,18-08-2011 23:17,10,18-08-2011 23:25
25405,Closed,174,19-08-2011 02:03,9,19-08-2011 02:05
25429,Closed,1182,19-08-2011 05:48,22,19-08-2011 06:07
25457,Closed,524,19-08-2011 07:00,22,19-08-2011 07:09
25511,Closed,939,19-08-2011 07:54,36,19-08-2011 08:10
25525,Closed,506,19-08-2011 08:05,40,19-08-2011 08:14
25533,Closed,1313,19-08-2011 08:10,39,19-08-2011 08:31
25582,Closed,699,19-08-2011 08:34,36,19-08-2011 08:46
25620,Closed,331,19-08-2011 08:53,22,19-08-2011 08:59
25646,Closed,598,19-08-2011 09:08,40,19-08-2011 09:18
25649,Closed,898,19-08-2011 09:10,6,19-08-2011 09:25
25671,Closed,745,19-08-2011 09:24,39,19-08-2011 09:37
25699,Closed,558,19-08-2011 09:47,52,19-08-2011 09:57
25747,Closed,1490,19-08-2011 11:30,22,19-08-2011 11:55
25753,Closed,534,19-08-2011 11:35,32,19-08-2011 11:44
25840,Closed,1017,19-08-2011 12:42,42,19-08-2011 12:59
25843,Closed,1283,19-08-2011 12:46,35,19-08-2011 13:07
25852,Closed,184,19-08-2011 12:58,33,19-08-2011 13:01
25930,Closed,616,19-08-2011 14:01,41,19-08-2011 14:12
25933,Closed,7575,19-08-2011 14:04,20,19-08-2011 16:10
25955,Closed,1018,19-08-2011 14:17,14,19-08-2011 14:34
25967,Closed,5324,19-08-2011 14:27,38,19-08-2011 15:56
25970,Closed,865,19-08-2011 14:29,45,19-08-2011 14:44
25980,Closed,335,19-08-2011 14:33,35,19-08-2011 14:39
26033,Closed,1732,19-08-2011 15:55,36,19-08-2011 16:24
26064,Closed,1843,19-08-2011 16:25,17,19-08-2011 16:55
26066,Closed,934,19-08-2011 16:25,49,19-08-2011 16:41
26127,Closed,1108,19-08-2011 17:05,21,19-08-2011 17:23
26129,Closed,1099,19-08-2011 17:05,21,19-08-2011 17:23
26130,Closed,2220,19-08-2011 17:05,20,19-08-2011 17:42
26153,Closed,1172,19-08-2011 17:18,35,19-08-2011 17:37
26157,Closed,516,19-08-2011 17:20,24,19-08-2011 17:29
26187,Closed,1486,19-08-2011 17:37,17,19-08-2011 18:02
26190,Closed,85462,19-08-2011 17:39,46,20-08-2011 17:23
26201,Closed,85210,19-08-2011 17:43,46,20-08-2011 17:23
26215,Closed,488,19-08-2011 17:51,44,19-08-2011 17:59
26255,Closed,585,19-08-2011 18:14,49,19-08-2011 18:24
26265,Closed,476,19-08-2011 18:21,16,19-08-2011 18:29
26278,Closed,871,19-08-2011 18:27,36,19-08-2011 18:42
26289,Closed,5897,19-08-2011 18:37,42,19-08-2011 20:15
26353,Closed,231,19-08-2011 19:22,43,19-08-2011 19:26
26363,Closed,1196,19-08-2011 19:33,9,19-08-2011 19:53
26375,Closed,2052,19-08-2011 19:40,46,19-08-2011 20:15
26435,Closed,445,19-08-2011 20:39,46,19-08-2011 20:46
26471,Closed,1872,19-08-2011 21:25,17,19-08-2011 21:56
26525,Closed,195,19-08-2011 22:16,16,19-08-2011 22:19
26622,Closed,600,20-08-2011 00:38,48,20-08-2011 00:48
26680,Closed,1891,20-08-2011 02:01,31,20-08-2011 02:32
26702,Closed,982,20-08-2011 02:18,35,20-08-2011 02:34
26708,Closed,1800,20-08-2011 02:19,35,20-08-2011 02:49
26719,Closed,1136,20-08-2011 02:24,40,20-08-2011 02:43
26723,Closed,5330,20-08-2011 02:27,49,20-08-2011 03:56
26755,Closed,5802,20-08-2011 03:22,33,20-08-2011 04:59
26783,Closed,471,20-08-2011 07:34,47,20-08-2011 07:42
26793,Closed,537,20-08-2011 08:19,9,20-08-2011 08:28
26851,Closed,448,20-08-2011 10:06,46,20-08-2011 10:14
26862,Closed,6222,20-08-2011 10:17,35,20-08-2011 12:01
26943,Closed,20026,20-08-2011 11:17,22,20-08-2011 16:51
26945,Closed,20030,20-08-2011 11:17,22,20-08-2011 16:51
26948,Closed,489,20-08-2011 11:18,52,20-08-2011 11:26
26952,Closed,1829,20-08-2011 11:26,39,20-08-2011 11:56
26974,Closed,10328,20-08-2011 11:34,47,20-08-2011 14:26
26988,Closed,1137,20-08-2011 11:44,57,20-08-2011 12:03
26996,Closed,896,20-08-2011 11:45,50,20-08-2011 12:00
26999,Closed,19468,20-08-2011 11:47,10,20-08-2011 17:11
27012,Closed,4083,20-08-2011 11:58,53,20-08-2011 13:06
27141,Closed,875,20-08-2011 12:57,35,20-08-2011 13:12
27153,Closed,647,20-08-2011 13:07,38,20-08-2011 13:18
27206,Closed,1165,20-08-2011 13:43,44,20-08-2011 14:02
27224,Closed,4376,20-08-2011 13:50,38,20-08-2011 15:03
27284,Closed,763,20-08-2011 14:06,24,20-08-2011 14:19
27424,Closed,1299,20-08-2011 14:52,42,20-08-2011 15:14
27467,Closed,2969,20-08-2011 15:08,22,20-08-2011 15:58
27508,Closed,3631,20-08-2011 15:22,47,20-08-2011 16:23
27525,Closed,8384,20-08-2011 15:28,25,20-08-2011 17:48
27581,Closed,2446,20-08-2011 15:50,41,20-08-2011 16:31
27649,Closed,119,20-08-2011 16:18,10,20-08-2011 16:20
27661,Closed,1657,20-08-2011 16:22,21,20-08-2011 16:49
27678,Closed,1459,20-08-2011 16:31,30,20-08-2011 16:55
27704,Closed,4776,20-08-2011 16:43,44,20-08-2011 18:03
27715,Closed,1796,20-08-2011 16:44,43,20-08-2011 17:14
27718,Closed,937,20-08-2011 16:45,24,20-08-2011 17:00
27723,Closed,2426,20-08-2011 16:46,24,20-08-2011 17:26
27766,Closed,1038,20-08-2011 17:05,52,20-08-2011 17:22
27788,Closed,180,20-08-2011 17:09,56,20-08-2011 17:12
27801,Closed,588,20-08-2011 17:16,24,20-08-2011 17:26
27839,Closed,733,20-08-2011 17:26,16,20-08-2011 17:38
27873,Closed,903,20-08-2011 17:43,37,20-08-2011 17:58
,,,,,
,,,,,
,,,,,
,,,,,
,,,,,
,,,,,
,,,,,
,,,,,
,,,,,
,,,,,
,,,,,
,,,,,
,,,,,
,,,,,
,,,,,
,,,,,
,,,,,
,,,,,
,,,,,
,,,,,
,,,,,
,,,,,
,,,,,
,,,,,
,,,,,
,,,,,
,,,,,
,,,,,
,,,,,
,,,,,
,,,,,
,,,,,
,,,,,
,,,,,
,,,,,
,,,,,
,,,,,
,,,,,
,,,,,
,,,,,
,,,,,
,,,,,
,,,,,
,,,,,
,,,,,
,,,,,
,,,,,
,,,,,
,,,,,
,,,,,
,,,,,
,,,,,
,,,,,
,,,,,
,,,,,
,,,,,
,,,,,
,,,,,
,,,,,
,,,,,
,,,,,
,,,,,
,,,,,
,,,,,
,,,,,
,,,,,
,,,,,
,,,,,
,,,,,
,,,,,
,,,,,
,,,,,
,,,,,
,,,,,
,,,,,
,,,,,
,,,,,
,,,,,
,,,,,
,,,,,
,,,,,
,,,,,
,,,,,
,,,,,
,,,,,
,,,,,
,,,,,
,,,,,
,,,,,
,,,,,
